"species","peso_medio","n_pinguins"
"Gentoo",5076.0162601626,124
"Chinstrap",3733.08823529412,68
"Adelie",3700.66225165563,152
